,Fund Name,P1,P2,P3,P4,P5,Topsis Score,Rank
0,M1,0.92,0.85,4.6,46.0,13.09,0.6416149189167112,4.0
1,M2,0.85,0.72,4.1,60.6,16.57,0.7761885858567026,1.0
2,M3,0.82,0.67,4.7,31.1,9.32,0.3516667133688112,7.0
3,M4,0.72,0.52,4.9,49.6,13.94,0.46907435989338936,5.0
4,M5,0.73,0.53,6.5,31.3,9.77,0.08402151668455195,8.0
5,M6,0.78,0.61,4.9,61.6,16.97,0.6528412803683789,2.0
6,M7,0.95,0.9,7.0,60.3,17.29,0.6516773035329713,3.0
7,M8,0.78,0.61,4.9,43.5,12.45,0.43453450447506986,6.0
